Source,Status
19,Researcher
181,Researcher
150,Researcher
159,Researcher
263,Researcher
1,Researcher
134,Graduate Student
25,Researcher
72,Researcher
168,Researcher
169,Researcher
179,Researcher
204,Researcher
223,Researcher
239,Researcher
253,Researcher
276,Researcher
283,Researcher
286,Researcher
154,Researcher
9,Graduate Student
264,Researcher
272,Researcher
277,Researcher
308,Researcher
26,Researcher
39,Researcher
43,Researcher
44,Researcher
65,Researcher
146,Researcher
209,Researcher
212,Researcher
226,Researcher
228,Researcher
232,Researcher
252,Researcher
268,Researcher
301,Researcher
302,Researcher
307,Researcher
309,Researcher
40,Researcher
41,Researcher
101,Researcher
131,Researcher
173,Researcher
190,Researcher
205,Researcher
254,Researcher
269,Researcher
274,Researcher
279,Researcher
291,Researcher
292,Researcher
304,Researcher
128,Graduate Student
34,Researcher
62,Researcher
94,Researcher
142,Researcher
170,Researcher
216,Researcher
238,Researcher
76,Graduate Student
46,Researcher
162,Researcher
219,Graduate Student
29,Researcher
54,Researcher
289,Researcher
132,Graduate Student
56,Graduate Student
89,Researcher
224,Researcher
92,Graduate Student
310,Researcher
21,Graduate Student
194,Graduate Student
213,Graduate Student
64,Researcher
299,Researcher
14,Graduate Student
47,Researcher
195,Researcher
27,Graduate Student
32,Graduate Student
200,Graduate Student
201,Graduate Student
71,Graduate Student
172,Graduate Student
210,Graduate Student
66,Graduate Student
248,Researcher
57,Graduate Student
161,Graduate Student
61,Graduate Student
86,Graduate Student
7,Graduate Student
113,Graduate Student
137,Graduate Student
36,Graduate Student
189,Graduate Student
90,Graduate Student
112,Graduate Student
91,Graduate Student
12,Graduate Student
116,Graduate Student
82,Graduate Student
24,Graduate Student
157,Graduate Student
28,Graduate Student
143,Graduate Student
42,Graduate Student
176,Graduate Student
149,Graduate Student
217,Graduate Student
3,Graduate Student
167,Researcher
87,Graduate Student
53,Graduate Student
155,Graduate Student
136,Graduate Student
38,Graduate Student
192,Graduate Student
222,Graduate Student
290,Graduate Student
305,Graduate Student
306,Graduate Student
229,Graduate Student
175,Graduate Student
163,Graduate Student
114,Graduate Student
227,Graduate Student
234,Graduate Student
235,Graduate Student
287,Graduate Student
221,Graduate Student
280,Graduate Student
295,Graduate Student
267,Graduate Student
257,Graduate Student
140,Graduate Student
117,Graduate Student
158,Graduate Student
249,Graduate Student
250,Graduate Student
258,Graduate Student
4,Graduate Student
237,Graduate Student
265,Graduate Student
293,Graduate Student
123,Graduate Student
231,Graduate Student
35,Graduate Student
275,Graduate Student
281,Graduate Student
246,Graduate Student
